title,content
"Trump backs Witkoff after leaked call with Russian aide. And, Thanksgiving air travel","<img alt=""U.S. Special Envoy to the Middle East Steve Witkoff looks on during a meeting with Ukrainian President Volodymyr Zelenskyy, President Trump and members of his Cabinet at the White House on Oct. 17, 2025, in Washington, D.C."" src=""https://feeds.npr.org/1004/undefined"" /><p>Leaked call transcripts between special envoy Steve Witkoff and a Putin advisor could derail Trump's progress on peace in Ukraine. And, air travel is back to normal just in time for Thanksgiving.</p><p>(Image credit: Andrew Harnik)</p><img src=""https://media.npr.org/include/images/tracking/npr-rss-pixel.png?story=g-s1-99460"" />"
Leaked call transcripts reveal U.S. envoy coaching Putin aide on pitching peace plan,"<p>Leaked call transcripts between special envoy Steve Witkoff and a Putin advisor could derail President Trump's progress, as they show Witkoff coaching Moscow on pitching a Russia-friendly peace plan.</p><img src=""https://media.npr.org/include/images/tracking/npr-rss-pixel.png?story=nx-s1-5620806"" />"
Former ambassador on Ukraine's stance on latest peace deal,"<p>NPR's Steve Inskeep talks with former U.S. Ambassador to Ukraine Bridget Brink about Ukraine's posture toward a peace deal.</p><img src=""https://media.npr.org/include/images/tracking/npr-rss-pixel.png?story=nx-s1-5620746"" />"
Morning news brief,"<p>Leaked transcripts reveal U.S. envoy coaching Putin aide on pitching peace plan, Trump's desire for recognition appear to drive push to end Ukraine war, millions expected to fly this Thanksgiving.</p><img src=""https://media.npr.org/include/images/tracking/npr-rss-pixel.png?story=nx-s1-5615433"" />"
How can the U.S. sell Russia and Ukraine on the revised plan to end the war?,"<p>NPR's Michel Martin asks former U.S. Ambassador to Russia Michael McFaul how the U.S. might advance a new peace plan for Ukraine with Moscow.</p><img src=""https://media.npr.org/include/images/tracking/npr-rss-pixel.png?story=nx-s1-5620749"" />"
Pope Leo XIV to visit Turkey and Lebanon on first foreign trip,"<img alt=""Pope Leo XIV leaves after a Mass for the Jubilee of the Choirs in St. Peter"" src=""https://npr.brightspotcdn.com/dims3/default/strip/false/crop/1447x965+0+0/resize/1447x965!/?url=http%3A%2F%2Fnpr-brightspot.s3.amazonaws.com%2F16%2F22%2F991427c74121a03a255646ee106a%2Fap25327422269564.jpg"" /><p>Pope Leo XIV is embarking on his first foreign trip, a pilgrimage to Turkey and Lebanon, amid Mideast tensions and the media glare that will document history's first American pope on the road.</p><p>(Image credit: Alessandra Tarantino)</p><img src=""https://media.npr.org/include/images/tracking/npr-rss-pixel.png?story=g-s1-99448"" />"
Italy now recognizes the crime of femicide and punishes it with life in prison,"<img alt=""Activists perform on the occasion of the International Day for the Elimination of Violence against Women, in Rome, on Tuesday."" src=""https://npr.brightspotcdn.com/dims3/default/strip/false/crop/5083x3368+0+0/resize/5083x3368!/?url=http%3A%2F%2Fnpr-brightspot.s3.amazonaws.com%2Fc2%2F3b%2F9d1719964247897280ef921500fe%2Fap25329575107899.jpg"" /><p>Italy's parliament on Tuesday approved a law that punishes femicide with life in prison. The vote coincided with the international day for the elimination of violence against women.</p><p>(Image credit: Roberto Monaldo)</p><img src=""https://media.npr.org/include/images/tracking/npr-rss-pixel.png?story=g-s1-99444"" />"
Syrians displaced by war are returning to find homes occupied by foreign fighters,"<img alt=""The historically Christian village of Al Ghassaniyeh, seen from olive groves at its foothills. After the old regime was ousted last December, displaced residents who returned to the village found strangers living in their homes."" src=""https://npr.brightspotcdn.com/dims3/default/strip/false/crop/6000x4000+0+0/resize/6000x4000!/?url=http%3A%2F%2Fnpr-brightspot.s3.amazonaws.com%2F58%2F52%2Fa69e060e4791a3d6e8702d788ab9%2Fr0000757.JPG"" /><p>Fighters have settled across northern Syria, surprising displaced Syrians who've tried to return to their homes. Nearly a year after the war's end, sorting out property ownership remains a pressing issue.</p><p>(Image credit: Emily Feng)</p><img src=""https://media.npr.org/include/images/tracking/npr-rss-pixel.png?story=g-s1-98741"" />"
"U.S. plans to cut ties with Boy Scouts. And, Comey and James' criminal cases dismissed","<img alt=""James Comey speaks onstage during Former FBI Director James Comey In Conversation With MSNBC"" src=""https://feeds.npr.org/1004/undefined"" /><p>Documents show the U.S. Military plans to cut support to the Boy Scouts. And, a judge dismissed the indictments against former FBI Director James Comey and N.Y. Attorney General Letitia James.</p><p>(Image credit: Dia Dipasupil)</p><img src=""https://media.npr.org/include/images/tracking/npr-rss-pixel.png?story=g-s1-99228"" />"
Russia launches strikes on Ukraine's capital as new peace proposal is on the table,"<p>Russia launched fresh strikes on Ukraine's capital Tuesday, as both countries weigh a new peace plan aimed at ending the war.</p><img src=""https://media.npr.org/include/images/tracking/npr-rss-pixel.png?story=nx-s1-5619160"" />"
